"Question","Answer"
"Q. 두돌 남아, 친구들과 어울려 놀지 않아요","Q. 두돌남아입니다... 친구들과 노는 방법을 그렇게 알려줘도..뭐... 통하지 않아요... 지가 가지고 노는 것에 손가락이라도 건들이게 되면 ""아아~~~"" 하고 친구들을 밀어버립니다... 그리고 또한가지... 달려오는 친구나 동생에게 약간 손을 앞으로 (자기방어처럼) 긴장하고 있다가 친구나 동생이 안으려고 하면 밀어버려요...제가 보기에는 약간 무서워하는 것 같아요.. 뛰는 형들이 나 누나들을 좋아합니다...그러면 잡기놀이 하는 줄 알고 잡기 놀이 하려고 하고...뜁니다... 다른 친구들 모두 놀이터 중앙에서 놀면 별로 관심없어요.. 지 혼자 뛰어다니기 바쁘고... 턱어리 같은 비탈진 길을 좋아해서 올라갔다 내려왔다 놀이만 하느라 바빠요...그러다가 남의 자전거 타려고 애쓰고.. 친구꺼야해도 소용없구....어떻게 하면 좋을까요??? 문화센터도 많이 다니고 짐보리도 다녔는데.. 친구들이 모여있어서 좋은게 아니라 지 놀게 있어서 좋은 아이입니다... 그렇다고 다른 친구들한테 관심을 보이는 것도 아니고...

A. 어린 아이들의 가장 큰 발달 특성은 자기중심성입니다. 이 세상 모든 일의 원인이 자기라고 생각하기 때문에 다른 사람들의 생각과 감정 또한 나와 같을 것이라고 생각합니다. 이와 같은 특성으로 인해 아이들은 어릴수록 다른 아이들과 함께 어울리면서 공동을 목적으로 놀이하는 것이 어렵습니다. 두돌 무렵에는 옆에서 노는 다른 아이들을 가끔 한번씩 쳐다보는 정도의 놀이행동이 주로 일어납니다. 이 시기 아이들에게 ‘다른 아이들과 같이 놀아라’ ‘장난감을 나눠 가지면서 사이좋게 놀아라’라고 요구하는 것은 발달적으로 부적합하기 때문에 아이들이 충족시키기 어려운 요구를 하는 셈입니다. 그러므로 여러 아이들과 있을 때 혼자만의 행동에 집중하는 것을 부정적으로 보기 보다는 자연적인 행동으로 수용해주는 것이 좋습니다. 혼자 뛰어다니기 좋아하는데 다른 아이들이 다가오는 것에 대해 방어적인 태도를 보이는 것은 사회성의 문제가 아니라 타고난 기질이 다소 예민하다는 표현일 수 있습니다. 아이를 다그치기 보다는 아이가 편안하게 충분히 익숙해질 때까지 기다려 주면서 도와주는 것이 필요합니다. 동시에 다른 사람의 물건은 분명히 알려주고 관련된 사회적 행동을 부드럽지만 단호하게 반복적으로 가르쳐주고 익힐 수 있도록 도와주어야 합니다. 사회적으로 바람직한 행동에 대한 그림책을 함께 읽는 것도 도움이 되며, 엄마가 사회적인 행동의 모델이 되어주는 방법도 효과적입니다."
"Q. 약을 절대로 안먹으려 합니다. 방법 좀 알려주세요","Q. 24개월 된 남자 아이 몸무게 11키로입니다. 평소 예민해서 잠도 잘 깨고..깊이 안자고 자는 시간도 무척 짧아. 영유아 검진을 햇떠니 또래 보다 19등? 무척 작다고 합니다. 딱 봐도 또래보다 무척 작아요 중요한 것은 작은것 보다. 우리 아이가 약을 절대 안 먹으려 한다는 것입니다. 처음에 약에 크게 충격을 받은 적이 있는지 약은 절대 안먹어서 의사 간호사가 다 붙잡고 먹여도 숨도 안쉬고 있따가.. 먹고는 조금 있다가 다 토하고..아주 난리가 아님니다. 애를 잡을듯 먹여도 다 토하고...음료에 약을 타면 귀신 같이 알아서 안 먹고 ㅡㅡ 지금 비염, 축농증, 중이염 까지 와서 4일째 잠도 못자고 물만 먹는데(그래서 가의 갓난아이처럼 작아졌음) 속상해 죽겠어요. 어제는 그 작은 아이 한테 나가버리라고 화까지 내고..안아 달라고 아이도 힘들어서 칭얼대는데 외면을 했어요 ㅡㅡ 맘도 아프고..저도 잠을 못자고 출근하려니 물먹은 솜처럼 힘들고 우리 아이 어떻게 하면 약을 잘 먹을까요? 18개월 지나면 잘 타일러서 먹게 유도 하라는데 우리 아이 보통 성격이 아니라. 약을 집어 던지기만 하고 절대 안 먹어요. 집에서 애 봐주시는 친정 엄마도 마찬가지로 힘들어 하시구요 ㅡㅡ 너무 속상합니다... 방법좀...

A. ""약 먹기와 관련된 뭔가 불편했던 경험이 여러번 있었는지요? 어찌됐든 현재 아이는 약 먹는 것에 대해 매우 불편하다는 반응을 보이는 것이므로 이에 적절한 대응을 해 주는 것이 필요하겠습니다. 꼭 필요한 경우라면 약 대신에 주사제를 써 보는 것도 시도해 볼 수 있고, 약국 등에서 판매하는 다양한 도구 등을 활용해 볼 필요가 있습니다. 하지만 가장 중요한 것은 아이의 협조를 구하는 것입니다. 약 먹기와 관련된 동화 등을 보면서 약 먹기가 필요한 이유를 알고, 힘들지 않게 약을 먹을 수 있는 방법이 있음을 알 수 있도록 도와주세요. 강압적으로 먹이거나 혼을 내면서 아이의 행동을 꾸짖으면 그만큼 약 먹기가 어려워집니다. 일단 약 먹이기를 실패했다면 억지로 붙들고 끝까지 먹이려 하지 말고 시간이 지나 아이가 안정되었을 때 다시 시도하는 게 바람직합니다. 놀이를 하거나 TV 등을 보면서 다른 곳에 흥미를 느낄 때를 이용하는 것도 방법입니다. 가루약, 물약, 알약 중에 그래도 아이가 잘 먹는 타입이 있다면 의사와 상의해서 대체하는 것도 시도해 볼 수 있고, 너무 뻑뻑하거나 특이한 향이 나는 시럽에는 물을 타서 먹여도 됩니다. 한번에 1회 복용량을 먹기 힘든 경우에는 10분 간격으로 조금씩 나누어 먹여보세요. 아이가 약을 먹고 자꾸 토한다면 식사 시간과 상관없는 약일 경우 식사 전 빈속에 조금씩 나누어 먹이는 것이 좋습니다. 약을 먹이기 1~3분 전에 설탕물을 1스푼 정도 먹이고 약을 먹이면 덜 토하기도 하며, 만약 아이가 약을 다 토했을 경우에는 다시 먹여야 합니다."
"Q. 아이를 부모님께 맡기는 것 보다 엄마, 아빠가 직접 키우는 게 좋은가요?","Q. 안녕하세요? 저는 아빠 입니다. 아이를 부모님께 맡기는 것 보다 부모가 직접 키우는 것이 좋은가요? 현재 제 아이(아들, 14개월)를 장모님이 봐주시는데 약 30분 거리라서 쉬는 날 자주 아들을 보러 갑니다. 저랑 아내 모두 교대 근무를 해서 같이 가거나 혼자서라도 자주 보러 가거든요. 아이랑 놀다가 제가 화장실을 가려고 일어나서 걸어가기만 해도 제가 가는 줄 알고 저를 향해 울면서 걸어 옵니다. 그래서 진짜 가야 할때는 아들에게 먹을 것을 준다든지 해서 시선을 다른 곳으로 돌리는 사이 제가 몰래 숨어서 지켜보면 아들이 제가 간 방향으로 걸어와서는 주위를 둘러보고 ""응, 응"" 하고 소리를 내고 좀 칭얼거리다가 다른 가족들이 아들의 주의를 다른 데로 돌리려도 이것 저것 하다보면 또 금방 잊어버리고 잘 논다고는 합니다. 그런 아들의 모습을 볼 때면 마음이 안 좋아요. 휴직을 내서 내가 키울까 하고 고민도 되고요. 처음 1년 간은 아내가 육아휴직을 내서 아들을 키웠고 장모님께 맡긴지는 약 2개월 됐습니다. 지금의 상황이 아들에게 좋지 않다면 제가 육아휴직을 해서 키울 생각입니다. 제가 지혜로운 결정을 할 수 있도록 조언 부탁드립니다. (__)

A. 아이들이 가장 관심 있어 하는 사람은 엄마, 아빠입니다. 그 이외의 분들이 아무리 잘 돌보아줘도 일차적인 애정의 대상은 부모이며, 실제로 앞으로도 계속 같이 살아가야 할 가장 가까운 사람은 부모입니다. 그래서 특별한 문제가 없는 한은 엄마, 아빠가 아이와 같은 집에서 같이 사는 것이 가장 좋습니다. 30분 정도의 가까운 곳이라면 할머니가 낮에 집에 와서 아이를 봐 주시고, 엄마/아빠가 집에 있는 동안에는 두 분이 교대로 아이를 돌보는 방식으로 아이와 함께 하시면 좋겠습니다. 아무리 가까운 곳에 엄마/아빠가 자주 가서 본다고 하더라도 ‘자기 집’이 아닌 것을 아이들도 알 수 있을 뿐만 아니라 그렇게 왔다 갔다 하는 엄마/아빠를 보면서 아이가 편안한 애정을 느끼고 두 분을 신뢰하기는 매우 어렵기 때문입니다. 그리고 지금은 아빠가 아이와 헤어질 때 취하는 방법이 별 문제가 없어 보이지만 실제로는 매번 아이는 실망하고 아빠뿐만 아니라 주변 사람들에 대한 불신감만 높아지는 문제가 점점 악화되는 실정입니다. 헤어지게 될 때는 아이가 울더라도 분명하고 짧게 ‘안녕!’하고 인사하면서 아이가 앞으로 일어날 일에 대해 예측하고 감당할 수 있는 기회를 주는 것이 바람직합니다. 헤어지는 인사를 한 후에 실제로 헤어졌다가 다시 온다고 하는 그때 부모가 약속을 지켜주는 모습을 보면서 아이들은 조금씩 헤어지는 것에 대한 연습을 하며 스스로 통제하는 힘을 키울 수 있게 됩니다."
"Q. 자다가 심하게 울면서 엄마보고 나가라고 하는 아이","Q. 안녕하세요? 제 딸은 이제 37개월 됩니다. 낮에는 잘 노는 편인데 잠에서는 좀 예민한 아이입니다. 가끔 자다가 심하게 울 때도 있고 자면서 꿈도 많이 꾸는것 같구요. 그럴때면 같이 자고 있는 저에게 ""엄마 저리가, 저리가, 혼자 잘꺼야"" 하면서 울면서 소리를 지릅니다. 달래려고 해도 달래지지 않고 눈물을 닦아주면 왜 닦냐고 하고, 쉬가 마렵다고 해서 변기로 데려 갈려고 하면 혼자 할꺼라고 하고 바지를 내리려고 하면 혼자 할꺼라고 합니다. 조금만 도와줘도 난리가 납니다. 자기가 할껀데 했다고. 안아주려고 해도 싫다고 하면서 엄마는 또 목청껏 부릅니다. 어젯밤에도 너무 소리를 지르고 엄마 나가라고 해서 아이를 혼자 재웠습니다. 저는 따로 자구요. 왜 그렇게 하는지 저는 도통 모르겠습니다. 어제는 교회를 갔다가 제 친구들과 약속이 있어서 키즈까페를 갔다가 다시 공원에를 다녀왔습니다. 너무 아이가 힘들어서 그런걸까요? 그래도 자다가 엄마 저리가 저리가 하는게 저는 너무 속상합니다. 제가 아이 마음을 어떤점을 몰라주는지 저런 경우 어떻게 해야 할지 도통 모르겠습니다. 무엇이 아이를 힘들게 했을까요?

A. 엄마가 아이의 마음을 많이 알고 싶으실 것으로 생각됩니다. 37개월 된 아이들은 자율성이 높아지면서 독립적으로 혼자서 해내고 싶어합니다. 하지만, 이를 지켜보는 부모는 아직은 미숙한 아이의 행동을 도와주고 싶지요. 아주 자연스러운 현상이지요. 이과정에서 부모와 아이들의 힘겨루기가 이루어집니다. 이때 중요한 점은 아이가 스스로 성취했다는 기분을 맘껏 즐기게 도와주어야 합니다. 아이가 어떤 일을 스스로 해냈다는 기분을 만끽하는 것은 아이가 성취감을 경험하는 것이고 자신감을 이루는데 아주 중요한 바탕이 됩니다. 그러니 아이의 저리가라는 말에 엄마는 “ 00가 혼자서 하고 싶구나!,00는 혼자서도 할 수 있지”라는 말을 통해서 엄마가 자신을 지지해 준다고 느끼게 하는 방법이 좋을 것으로 보입니다."
"Q. 기질이 까다롭고 산만한 아이, 어떻게 해야 하나요","Q. 우선 아이의 기질상 까다로운 아이라고 생각하고 있어요 지금은 26개월 여자아이.. 1월달부터 손톱을 물어뜯고 이제 발톱까지 물어 뜯어요.. 그걸 먹고요..다른 물건들은 심하게 물어뜯거나 그런진 않아여.. 좀 관심이 없거나 심심한 경향이 있음 그런 행동을 한다고 판단되는데 정도가 점점더 심해져서 상담을 받아봐야 하는 단계인거 같습니다 모른 척하고 좀 넘겨 보려고 하니 심해져서... 육아서적을 봐도 제가 답이 서질 않습니다..이젠 더 이상 눈에 안들어와요. 정서불안 이라고 하는데 정서적 안정 중요하게 생각해서 23개월까지 모유수유하고 스킨쉽을 중요하게 생각해 왔는데 나쁜 버릇이 생기니 정말 억장이 무너집니다....ㅜㅜ 또 다른 고민은 돌이후로 문화센터 다녀본 결과 같은 반에서 제일 많이 돌아다닐 정도로 산만합니다,,, 첨엔 호기심으로 생각했지만 이건 산만한거 말고는 답이 안 나옵니다..사실 엄마인 저도 산만한 편이라서 걱정되고요.. 수업중에 문을 열고 나가기도 하고 혼자 돌아다니고,.., 집에서 홈스쿨 수업을 진행할때도 마찬가지 입니다..수업을 할 수 없을 정도로 정도가 심합니다.. 한 달전 홈스쿨 수업엔 엄마가 다른곳에 앉아있으니 이런 현상들은 많이 좋아지긴 했어요.. 이런 단점들은 엄마들은 대부분 자기 아이니까 숨길려고 하고 내 아이는 안그래 이런 맘들이겠지만 저는 아니에요.. 정말 내 아이는 유독 심하니까 더 이상 지체없이 상담을 받아야 한다고 생각되거든요.. 나름 누구보다도 친절하고 자세히 설명해주고 한다고 아이에게 신경을 많이 쓰는데 아이 기질이 까다로우니 엄마도 지쳤습니다.. 공원도 자주 데리고 나가고 친구들과도 자주 만나게 하고 저 개인적으로는 아이한테 다방면으로 이정도면 잘해주는게 아닌가 생각할 정도로 자부합니다만...아이가 많이 ...ㅜㅜ 참고로 아이 아빤 9시는 되야 집에 와요.. 자상하고 다정한 성격이라 많이 놀았줬음 하는데 자야 하는 시간에 들어오니 아빠 사랑이 부족한 것도 불만입니다.. 아이가 통제가 안되는 것과 해결방법 그러니 엄마의 스트레스가 하늘을 찌르네요.ㅜㅜ 상담받고 좀 풀고 싶어요

A. 기질상 까다로운 아이들은 주변 환경의 안정성에 대한 욕구가 많습니다. 그런 면에서 볼 때 문화센터 프로그램이나 공원 외출, 여러 친구들을 만나는 것이 아이 입장에서는 안정성을 흔드는 자극으로 여겨질 수도 있습니다. 엄마 입장에서는 힘든 것도 감수하면서 아이에게 다양한 경험을 제공하기 위해 노력했지만 아이가 감당하기 힘든 자극은 실제로는 의미가 없습니다. 아이들 뿐만 아니라 어른들도 정서적으로 편해야 주변 자극에 대한 인식수준도 높아지고 좀 더 효과적으로 상호작용하며 발달적 의미를 가지게 되기 때문이죠. 게다가 24개월 이후 신체적, 인지적, 언어적 발달이 활발해지면서 아이들은 자기 생활에 대한 예상을 하기 때문에 오히려 더 불안수준이 높아지기도 합니다. 그래서 그동안 어머님이 아이의 기질을 잘 파악하고 그 특성에 맞게 양육하기 위해 노력하셨더라도 아이는 자신의 발달수준에 따라 더 예민한 반응을 하게 되기도 합니다. 손발톱을 물어뜯는 행동은 부모의 관심이 요구되는 행동입니다. 아이 입장에서 뭔가 불안하거나 심심할 때 나타나는 자기 위로 행동이므로 어떤 상황에서 주로 그 행동들을 하는지 관찰해서 그 특정상황을 되도록 경험하지 않도록 도와주고, 손발톱을 물어 뜯는 행동을 직접적으로 제지하는 대신 간접적이고 부드러운 방법으로 다른 것에 관심을 전환시켜 주세요. 문화센터 수업 시간에 돌아다니는 것은 아이가 다른 아이보다 산만하거나 집중력이 약해서일 수도 있지만 그 수업내용이나 분위기가 아이에게 흥미롭지 않기 때문일 수도 있습니다. 다른 아이들을 견주어 비교하기 보다는 내 아이를 중심에 세워놓고 그 아이를 관찰하면서 그 아이에게 가장 적합한 활동의 종류, 상호작용 방식 등을 찾아보고 실제로 해 볼 수 있는 기회를 가지는 것이 필요합니다. 지금 하는 모든 경험은 그 경험을 통해 외부 세상에 대한 정보를 알기 위해 하는 것이 아닙니다. 아이들은 자기가 하는 경험을 통해 자기 자신에 대한 개념 즉, 긍정적이거나 부정적인 자아개념의 기초를 형성하게 됩니다. 아무리 다양한 경험을 하더라도 그 경험이 아이가 호기심을 느끼는 것이 아니고 아이가 감당하기 어려워 버거워 하는 것이라면 오히려 아이의 긍정적인 자아개념 발달을 방해하는 걸림돌만 될 수 있습니다."
"Q. 둘째가 생기고 큰아이에게 화를 내는일이 많아졌습니다","Q. 37개월 된 아들과 이제 한 달이 된 딸을 둔 엄마입니다. 육아에 있어서 저의 방침은 기다려주자, 잘못한것에 대해서만화를 내자, 항상 웃는 얼굴로 대하자...입니다. 그래서 그런지 우리 아들은 항상 밝은 얼굴이고 늘 웃음을 띤 얼굴입니다. 그런데 동생이 태어나자 다른집 아이들처럼 엄마빠를 공유해야한다는 스트레스와 동생에 대한 질투를 표현하기 시작했습니다. 그러다보니 엄마 입에서는 지금까지 잘 말하지 않던 '안돼!, 하지 마!'가 연달아 나옵니다. ""동생은 약하니까 조심조심 만져야 해~""라고 했다가 아이가 동생 얼굴을 막 쥐고 흔들거나...뭐 기타 등등 동생한테 해서는 안되는 행동들을 할 때 제 입에서는 ""안돼!, 하지 마!""라는 소리가 먼저 튀어나옵니다. 당연히 화를 내는 일도 많아졌구요. 아이한테 큰소리내고 화낸 횟수가 37개월보다 최근 한 달간 한 횟수가 많을것 같습니다. 제 생각에는 나름 동생이 예뻐서 만지는건데, 아직 힘조절은 안되고...엄마는 그걸 보고 안된다고 하고... 뭐 이런 상황이 아닌가 합니다. 요즘은 아이가 동생이 누워있는 방에 들어갈때면 제가 뒤따라 들어가고 아이는 그거부터 눈치를 보기 시작했습니다. 동생 손 한번 만지고 제 얼굴한번 쳐다보고... 제가 어떻게 아이에게 대해야 할까요? 무조건 안돼가 방법은 아닌 것 같고, 그렇다고 순간순가 동생에게 해가 될수 있는 위험은 행동들을 보고 ""동생은 약하니까 조심조심~""이라고 차분하게 말하는 것도 급할때 되면 제 입에서도 안나오는것도 사실이고, 동생보러 들어가는 아이 뒤를 안따라들어가자니 솔직히 위험한 일도 몇 번 있었고... 아이를 이해못해서 상담글을 올리는 것이 아니라, 제가 어떻게 대처해야 하는지가 궁금해서 글 올립니다.

A. 출산한지 얼마 되지 않은 상황에서 두 아이를 돌보시느라 많이 힘든 상황임에도 불구하고 아이를 먼저 걱정해주는 어머님의 마음이 참 따뜻하네요. 지금까지는 큰 아이가 원하는 대로 되도록 맞춰주려고 애쓰다보니 별다른 통제를 하지 않았는데 동생을 대하는 큰아이의 미숙한 행동을 자꾸 통제하게 되는 것이 어머님을 힘들게 하네요. 그렇지만 아이들은 사회 안에서 생활해야 하고, 안전하게 보호될 필요가 있으며, 그 보호는 일정한 한계, 지켜야 할 한계선을 긍정적으로 경험하면서 이루어져야 합니다. 그동안 아이에게 충분한 사랑을 주고, 아이가 그 사랑을 확신할 수 있다면 성장하면서 요구되는 발달적 요구를 충분히 감당할 수 있습니다. 단순히 “안 돼”라고 말하는 것이 “해도 괜찮아”라고 말하는 것보다 항상 나쁜 것이 아닙니다. “안 돼”를 하는 이유가 아이 입장에서 충분한 근거가 있는 것인지, 그 이유를 아이가 이해할 수 있는지, 그 말을 제대로 아이에게 일관성 있게 적용하는지, “안 돼”는 그 행동 대신 할 수 있는 다른 대안적인 행동을 가르쳐 주고 연습할 수 있는 기회를 주는지 등을 고려하는 것이 중요합니다. 동생 옆에 큰 아이가 갈 때는 엄마가 함께 하면서 과한 행동이 나오지 않도록 미리 조심해주고, 이때 아이가 눈치를 본다면 “동생 보러 왔어. ~야, 형(오빠)가 너 보러 왔대. 형(오빠)가 우리 ~를 정말 좋아하나 봐”라는 식으로 동생을 보러 온 큰 아이의 마음을 따뜻하게 수용해 주시기 바랍니다. 또한 실제로 큰 아이의 얼굴을 엄마가 부드럽게 쓰다듬어 주고, 아이가 그 기분을 담아 엄마 얼굴을 쓰다듬어 주는 식으로 힘 조절하는 방법을 가르쳐 주세요. 그리고 동생을 사랑하고 엄마를 도와주고 싶은 큰 아이의 마음을 실제로 어떤 행동으로 표현할 수 있는지 구체적으로 알려주는 것도 도움이 됩니다. “동생이 쉬했네. 기저귀 좀 갖다줄래. 형(오빠)가 기저귀 갖다줬네. 기분좋지?‘라는 식으로 다양한 방식으로 손 위 형제의 역할을 감당할 수 있는 방법을 알려주는 것입니다."
"Q. 밥상에서 장난치는 아이를 어떻게 훈육해야 하나요","Q. 안녕하세요^^ 저희 아이는 만 20개월 남아아기이고 현재 숟가락으로 밥을 먹습니다. 숟가락질은 서툴기는 하나 스스로 밥을 입에 넣을 수는 있는 정도입니다. 문제는 아기가 밥을 먹을때마다 밥을 손으로 주무르고 주무른 것을 밑으로 버리며 장난을 칩니다. 그래서 밥을 먹은후에는 사방이 음식물이 떨어져 있습니다. 아이가 밥먹기보다는 밥을 가지고 손으로 만지며 놀고 있습니다. 매번 주무르고 밑으로 밥을 버리며 장난을 쳐서 밥을 먹을때마다 혼을 내고 또한 제가 치우기가 힘들어서 숟가락을 처음에는 쥐어 주었다가 다시 제가 뺏고는 먹이고는 합니다. 항상 밥먹을때마다 혼을 내고 혼이나도 계속 그런 행위는 반복되고 있습니다. 이럴때는 어떻게 훈육을 해야 하는가요? 제가 지금 하는 것은 아이가 흘리때 마다 ""밥은 입으로 먹는거야. 손으로 주무르면 안돼, 자꾸 밥을 버리면 나쁜 사람이야, 너 혼나"" 이런식으로 혼을 내고 있습니다. 밥을 먹일 때마다 제가 혼을 내서 혹시나 아이가 밥먹기 흥미가 떨어질까봐 걱정됩니다. 그리고 어떻게 해야지 밥으로 장난치는것을 고칠수 있을지 상담을 원합니다. (현재 밥 먹일 때마다 아이가 좋아하는 것을 쥐어 줘야 밥을 먹고 있습니다)

A. 아이가 음식을 먹으면서 장난을 치는 것은 이미 먹을 만큼 먹어서 배가 고프지 않다는 의미를 나타냅니다. 그러므로 음식을 치우고 그만 먹게 하는 것이 좋습니다. 밥을 가지고 놀다가 엄마에게 혼나고, 숟가락을 뺏겨서 떠 먹여주는 밥을 억지로 먹게 되면 점차 ‘먹는 것’에 대한 정서적 기억이 부정적으로 형성되어 점점 습관을 고치기가 어려워집니다. 정해진 양만큼만 밥을 뜨고 그 밥으로 장난을 치면 그만큼 자신이 먹을 밥의 양이 적어져 배가 고프게 된다는 것을 경험으로 알 수 있도록 도와주세요. 그리고 밥으로 장난을 쳐서 주변을 지저분하게 했다면 어설프더라도 그 뒷정리에 아이도 참여시켜서 자기 행동의 결과를 경험해 보게 하는 “귀결의 효과” 방법을 활용해보세요. 그리고 이와 같은 일들은 미리 밥 먹기 직전에 아이에게 진지하게 알려서 약속을 알 수 있도록 하고, 당분간은 약속을 지키기 위해 엄마 자신도 노력을 해야 아이가 행동을 변화시키는데 도움이 됩니다."
"Q. 소변은 가리는데 대변은 가리지 못해요","Q. 안녕하세요.. 27개월남아둔둔 엄마에요.. 처음엔 시간이 지나면 나아지겟지하고 기다리다 제가 무언가 잘못하고 있을거란 생각에 이곳에 문의 드립니다 우리 애기는 소변은 작년 여름부터 가리기 시작햇어요 따로 훈련 안 했어요.. 한번 쉬통에 재미삼아 누고 나서 계속 잘 가리는데요,,문제는 대변이에요 소변가리기 전 무렵부터 대변을 누고 구토를 한답니다,,, 헛구역질하다가 먹은지 얼만 안될 때면 올라오는 경우도 있어요... 소변을 가리면서 기저귀를 절대 안 해서 대변을 꼭 바지에다 그냥햐버려요.. 몇 번 변기에 앉아서 성공한 적도 잇는데 .. 기저귀도 안 하려하고 변기에도 안앉고..바지에 그냥해요.. ㅜㅜ 처음엔 암말도 안 하고 치워주다가 .. 대변 마려운 표정을 해서 .. 기저귀할까? 변기에 앉을까? 하면 도망다니고 손을 내저어요. 그러다 바지에 하고... 정말 화가나서 .. 그러면 안되는데... 화를 낸 이후로 더 그런거 같아요.. 아기 아빠는 바지에 했는데.. 우와 응가 햇어 잘햇어..라고 해요 바지에 한 게 잘한 건 아닌거 같은데... 다른일로는 화가 나도 잘 참고 화 안내는 편인데.. 꼭 똥싼바지 빨면서 화가 너무 나서 아이한테 화난 모습을 너무 보이는거 같아요.. 조언 부탁드려요.. 너무 너무 방법을 찾고 싶어요..

A. 소변 가리기는 평균적인 월령보다 훨씬 일찍 시작한 편인데 비해 대변 가리기가 어려운 상황이네요. 대개 대변 가리기부터 시작해서 소변가리기를 하게 되는데 소변 가리기는 잘 되는데 대변 가리기가 안 된다면 뭔가 정서적인 경험이 관련되었을 가능성이 많습니다. 소변을 볼 때 대변을 같이 보려고 애쓰거나, 구토하는 것, 도망하는 것 등도 대변에 대해 뭔가 불편하고 좋지 않은 정서적 경험이 관련됨을 보여주는 것으로 해석할 수 있습니다. 대변이 더럽다고 느끼게 한 적은 없었는지, 변기에 앉는 것이 불편하고 싫다는 느낌을 가진 적이 있는지 생각해보세요. 바지에 대변을 보았을 때 엄마가 화를 내거나 안 좋은 표정을 짓는 것도 아이들에게는 매우 힘든 요인으로 작용할 수 있습니다. 우선 대변을 일정한 시간에 보는 것은 대변 가리기가 가능하다는 신체적 성숙을 나타내므로 이 부분을 점검해보기 바랍니다. 그리고 평상시에 아이의 대변 보는 시간을 체크해서 그 시간에 변기에 앉히고 아이가 변을 보는 동안 아이 앞에 앉아 함께 힘주는 흉내를 내주면서 대변 보는 것이 편하고 좋다는 경험을 할 수 있도록 도와주세요. 이 시기 아이들은 동화책 속의 주인공과 자신을 동일시하므로 대소변 가리는 주인공이 나오는 관련 동화책을 읽어주는 것도 도움이 될 수 있습니다. 지금은 바지에 누더라도 대변을 기분 좋게 보는 것이 더 중요하므로 엄마, 아빠가 같은 방식으로 대응하는 것이 좋습니다. 바지에 대변을 본 경우에는 엄마 혼자 뒤처리하기 보다는 바지 벗고, 화장실에 바지를 가져가서 대변은 변기에 버리고 물로 간단히 씻는 것과 같은 뒤처리를 아이와 같이 하는 것도 아이 스스로 자신의 행동을 조절하는 효과를 볼 수 있습니다. 혹시 변비가 있는 것은 아닌지 점검해 볼 필요도 있습니다."
"Q. 29개월 아기 자다가 일정시간 되면 울어요","Q. 29개월 남자 아이 입니다. 21시 30분경에 잠을 자는데 02시~ 02시30분경에 꼭 자다가 울어요 한참을 우는데 달래도 안되고 그래요 20분~30분가량 울고 나면 왜 울었냐고 물어 보면 모르겠다고 그러고 다시 자요 왜 그럴까요? 아이가 울 때는 어떻게 해야 하나요? 짜증을 내고 하는걸 받아 줘야 하나요? 아님 훈육을 해야 할까요?

A. 밤에 깨서 이유도 없이 우는 '야경증‘일 가능성이 있습니다. 아침에 일어났을 때 밤에 일어났던 일을 기억하지 못하는 것이 특징이며, 보통 6세 이전 아이들에게 자주 나타나다가 시간이 지나면서 대개 좋아집니다. 야경증은 대체로 낮 동안의 스트레스가 심할 때 생기기 쉬우므로 최근에 아이가 힘들어할 수 있는 일이 없었는지 살펴보고 이에 적절하게 대응해주는 노력이 필요합니다. 잠자리의 불편함, 실내 온도, 습도, 소음, 빛의 차단이 제대로 이루어지는지 등을 점검하셔서 숙면 환경을 조성해주십시오. 낮에 무언가에 크게 놀라 심리적으로 불안한 경우 이런 증상이 나타날 수 있으며, 잠자리에 드는 방식도 다시 한번 점검할 필요가 있습니다. 불안함을 느끼지 않는 상태에서 잠을 잘 수 있도록 도와주세요. 만약 매일 똑같은 시간에 잠이 깨어 운다면 습관적인 경우에 해당하며, 이때에는 아기가 늘 깨는 시간보다 1시간 정도 먼저 아기를 살짝 흔들어 깨웠다 다시 재우는 것을 2~3일 지속하면 효과를 볼 수 있다고 합니다. 아이가 울면서 소리를 지를 때는 의식이 분명하지 않은 상황이므로 강하게 거부하는 반응을 보여도 아이의 몸을 잡고 저지해주면서, 차분하게 ‘엄마가 있으니 안심하라’고 말해주세요. 계속 말을 걸고 따뜻하게 안아주면서 엄마가 옆에 있다는 것을 인식시키면 안정감을 회복하는데 도움이 됩니다."
"Q. 아이가 유치원에 다녀와서 엄마가 올때까지 울고있습니다","Q. 조카가 있습니다. 언니 아들인데..지금 7살이이에요. 답답한마음에 이모로서 상담을 받고자 여기에 글을 올리게 되었는데요. 언니네 부부는 맞벌이라 아이가 유치원에서 끝나고 오면 할머니, 할아버지 집에서 있다가 엄마가 퇴근하면 데릴러 가거든요.. 시댁이랑 가까이 살아서 시댁에 애를 맡기고 출퇴근을 합니다. 근데 예전에는 안그랬는데 올해 들어서 계속 유치원이 끝나고 돌아오면 엄마가 퇴근해서 올때까지 울면서 기다리는데 왜 우는지 모르겠어요. ㅜㅜ 유치원이 5시에 끝나고 엄마는 일마치고오면 8시가 되는데 그 3시간 동안 엄청 서럽게 울면서 엄마 언제 오냐고 계속 전화하고 우네요.. 유아기때도 안그랬는데 뭐가 원인인지 모르겠네요. 주말에 토,일요일은 쉬니까 엄마가 많이 놀아주고 하는데도 평일만 되면 아침부터 전쟁이네요. 매일 반복되는 전쟁에서 살아가기가 힘들다고 언니도 울며 지쳐가고 있어요. 아침에 일어나면 엄마 몇 시에 오냐고 수도 없이 물어보고, 시계보며 시간 알려달라하고, 달래도 보고 혼도 내보고 하지만 다시 다음날 아침이면 또 반복된는 물음에 서서히 지쳐 가고 있어요. 유치원은 잘 다니고 유치원생활은 무리가 없는데 유치원이 끝나고 나면 세 시간 동안 우울해 하고 엄마오기만을 목빠지게 기다린다네요.. 할머니 할아버지 한테 이유를 물어봐도 답이없고 왜 그러는지 모르겠다 하시는데 답답하네요. 아이가 불안해 하는건지 아님 정서적으로 무슨 문제가 있는건지 모르겠어요. 엄마를 만나면 신 나게 언제 울었냐며 놀때 보면 정상인 것 같기도 한데.. 왜 이럴까요? 상담소를 방문해야하는건지.. 빠른 답변 부탁드릴께요.

A. 상담한 내용에는 별다른 일상생활의 변화가 없는 것으로 보입니다. 그래도 아이가 이전과 다른 행동을 한다면 아이 입장에서 뭔가 불안을 느끼고 있기 때문입니다. 그렇다면 아이의 속마음을 알 수 있는 여러 가지 방법을 시도해서 이를 파악하고 해결하기 위한 노력이 필요하겠지요. 우선 아이의 엄마와 시부모님 사이의 육아방침이나 조카를 돌보는 전반적인 방식에 차이가 있는 것은 아닌지 살펴 볼 필요가 있습니다. 엄마가 오기 전까지 조부모와 있을 때의 행동이 계속 울면서 엄마가 기다린다면 어쨌든 할머니 댁에 있는그 시간이 불편하기 때문일 가능성이 많습니다. 유치원에서 돌아와 제일 먼저 해야 할 일이 손 씻기인지 아니면 가방정리인지, 또는 볼 수 있는 TV프로그램의 내용과 시간, 식사하는 장소 등 아주 사소한 것까지도 다시 한번 이야기 나누면서 아이 입장에서 할머니와 엄마가 같은 방식으로 자신을 돌보아준다고 느낄 수 있도록 노력해 주기 바랍니다. 가능하다면 하루 종일 유치원에서 일정한 규칙을 지키며 집단생활을 하고 온 후 집에서는 편안하고 여유 있게 아이가 주도권을 가지고 자기 생활을 할 수 있도록 도와주는 것이 좋습니다. 아이에게 유치원 갔다 와서 할머니 집에 있을 때 무엇을 하고 싶은지, 어떻게 시간을 보내고 싶은지에 대해 이야기 나누어 볼 수도 있습니다. 또한 엄마를 만나고 나서 자기 전까지 엄마와 함께 지내는 시간 동안 실제로 어떤 식으로 시간을 보내는지도 살펴볼 필요가 있습니다. 자기 전까지 엄마와 같이 있기는 하지만 아이 입장에서 보았을 때 자신이 원하는 만큼 엄마와 함께 한다는 만족감이 낮을 수도 있기 때문입니다. 그리고 아이가 엄마의 일정에 대해 질문하기 이전에 엄마가 먼저 아이의 일과, 그 날의 특별한 일, 그 날 아이가 생각하는 계획 등에 대해 질문을 해 보세요. 이를 통해 아이가 자기 생활의 주인이 되면서 엄마에 대한 기다림이 상대적으로 줄어드는 효과를 기대할 수 있습니다. 근무 중에 아이에게 잠깐 시간내어서 먼저 전화하기, 퇴근하기 전에 전화해서 먹고 싶은 것이 있는지 물어보고 사 오기 등의 방법을 이용해서 낮에 엄마가 같이 없어도 늘 내 생각을 하고 있음을 알게 해 주는 것도 아이의 심리적 만족감을 높여주는데 효과적인 방법입니다. 더불어서 유치원 교사와 이 문제에 대해 솔직하게 대화를 하면서 유치원 교사의 도움을 요청해보는 것도 필요합니다. 이 시기 아이들에게는 부모, 가족 못지않게 교사도 중요한 사람이므로 이들의 긍정적인 영향력을 활용해서 아이의 적응을 도와주는 것입니다."
"Q. 삶에 의욕이 없고 사소한 것에 아이들에게 화를 잘 내요","Q. 안녕하세요 저는 6살 남자아이와 5살 여자아이를 키우는 엄마에요 요즘들어 아이들 키우는게 힘들어서 인지 삶에 의욕이 없고 사소한 것에 아이들에게 화를 잘 내내요 마음속으로 아이들에게 화를 내지 말아야지 해서 벽에도 여기저기 '화내지 말자'하고 썼는데도 그게 잘 안되요 작은 아이는 별거 아닌 일에도 잘 울고 징징대서 그런 상황일때는 짜증만 나고 그 옆에서 큰아이는 작은 아이한테 장난치고 그러면 더욱 상황이 악화되요 큰아이는 밥을 잘 안먹을려 해서 밥먹을때마다 '밥 먹어'소리를 10번도 넘게 하는것 같고 공부할때는 집중해서 하면 좋은데 장난만 칠려하고 큰애라 기대를 더 해서 그런지 저는 공부를 더 시키고 싶은데 아이는 싫어해요 동생과 장난할때 장난이 좀 심해지면 그만 두라는데도 계속 해서 저에게 더 혼이나요 제 나름대로 대처하기 위해서 잠깐 숨쉬기나 아이들이 잘못 행동하면 방에 잠깐 들어가기를 하는데도 잘 안되네요 이런 상황이 매일 되니깐 아이들이 어린이집 갔다 오면 그때부터 우울해지고 화도 많이 내고 내가 왜 결혼해서 이렇게 살아야 하나 그런 생각이 자꾸 들게되요 제가 보기에 이러면 안될것 같은데....하는 생각이 들어서 글을 올리네요 부모 상담....이런걸 받아야 하는 걸까요....

A. 연년생의 두 아이를 키우느라 어머님의 몸과 마음이 너무 지친 상태인 것 같습니다. 아이 입장에서는 자신이 하고 싶은 대로 하기 원하는 욕구가 우선이므로 매번 어머니와 갈등을 경험하기 쉽습니다. 특히 매일 어린이집에서 일정한 시간 동안 정해진 약속을 지키며 집단 생활을 하는 아이들의 입장에서는 ‘집은 철저하게 편안하고 쉴 수 있는 공간’이 되기를 원하는 욕구가 강합니다. 그래서 어린이집에서 돌아 온 후에 엄마 입장에서 보기에 아이가 더 많이 까불고 제멋대로인 것처럼 여겨질 수 있습니다. 어린이집에서 돌아온 후 아이가 편히 쉴 수 있게 하고, 준비가 되었을 때 아이가 해야 할 일을 하는 식으로 일과를 아이와 같이 의논해보세요. 엄마가 하라는 대로 지시, 명령하기 보다는 해결해야 할 일(예를 들면 공부하기 등)에 대해 아이와 엄마가 같이 의논해서 약속을 정하고, 실제로 해 본 후 다시 약속을 수정하는 방식으로 접근했을 때 아이들이 더 협력적인 태도를 보입니다. 어머님이 생각하는 대로 부모교육에 참여하는 것도 지속적인 도움이 될 수 있습니다. 부모교육을 통해 5,6세 아이들의 정서적, 인지적, 사회적 발달특성에 대해 어머님이 파악할 수 있다면 그 범위 안에서 되는 것과 안 되는 것을 구분하면서 아이들을 바라볼 수 있는 힘이 생깁니다. 즉, 아이들의 발달에 적합한 기대를 하게 되는데 이를 통해 아이도, 부모도 모두 현실적인 기대를 하면서 더 큰 만족감을 얻게 되고 더 긍정적인 관계를 맺게 됩니다. 물론 아이를 책임지는 부모로서 힘들어도 참고 지속적으로 노력하는 것이 필요하지만 엄마도 또 한 사람의 인간이기 때문에 분명히 참기 어려울 만큼 힘들고 지칠 수 있고, 그러다가 나도 모르는 사이에 가장 가까운 사람에게 아픈 말과 행동을 하게 되는 경우가 많습니다. 두 아이가 보이는 행동 하나하나에 반응하기 보다는 전체적인 맥락에서 먼저 해야 할 한두 가지 약속을 정하고 실천하는 식으로 긍정적인 한계선을 설정하고, 아이들의 긍정적인 행동에 먼저 관심과 인정을 보여주는 것이 바람직합니다. 그리고 아이들이 어린이집에 간 시간 동안 일주일에 하루라도 어머님이 처한 상황 내에서 가능한 일, 어머님이 하고 싶은 일, 하면서 만족감을 느낄 수 있는 일을 하는 식으로 어머님 자신의 정서를 돌보는 시간도 가져보시길 바랍니다. 부모와 자녀는 정서라는 끈으로 이어져 있기 때문에 엄마가 편안하고 여유로운 정서를 가지는 만큼 아이들 또한 그 정서에 영향을 받게 되기 때문입니다."
"Q. 20개월 아기..얼굴을 때려요","Q. 위험한걸 한다거나 하고 싶은걸 제지하면 자기 얼굴을 손으로 때려요. 소리를 지르거나 언성을 높이지도 않고 좋게 타이르듯이 얘기를 하는데도 그래요~ 가끔은 제 얼굴도 때리구요. 친구랑 놀다가 장난감을 뺏아서 친구꺼 뺏으면 안되는거야.. 사이좋게 같이 노는거야.. 이렇게 얘기하면 친구도 때리고.. 친구를 왜 때리냐고 하면.. 자기 얼굴을 때려요 안된다는 말에 그러한 반응을 잘 하는거 같아요 가끔은 친구가 쳐다보고 있는데 이유없이 때리기도 해요. 머리도 잡아당기구요. 자기 얼굴을 때리는건 욕구불만이라는거 같던데.. 얼마전 집에 일이 좀 있어 제가 스트레스가 상당히 많아서 좀 야단을 친 적이 있긴 해요 그래서.. 요 며칠은 정말 화날때 꾹꾹 참아가며 화도 내지 않고 때리거나 하면 안아주고.. 예쁜 얼굴 왜 때려.. 얼마나 이쁜데..라고 말하면서 얼굴을 쓰다듬어 줘요 그런데도 소용이 없는거 같아요 그리고.. 매번 싫어하는건 아니지만.. 응가 기저귀를 상당히 갈기 싫어해요 바지라도 벗길려고 하면 또 자기 얼굴 때려요. 아직 배변 훈련은 하고 있지 않아요 마지막으로 밖에 나가는걸 상당히 좋아하는데.. 매일 밖에 나가자며 노래를 부르지만.. 정작 옷을 안입을려고 해서 외출할때마다 실갱이를 하게 돼요 이것 또한 제가 스트레스가 이만저만이 아니에요. 도대체 왜 이럴까요? 원래 이 시기 아이들이 비슷한가요?

A. 자신이 원하는 것을 얻지 못하거나 화가 났을 때 자기의 분을 이기지 못해서 나타나는 행동입니다. 스스로 자기 신체를 아프게 만들어 불만족스러운 자신의 감정을 표출하는 것으로 이와 같은 자해 행동은 만 1세부터 시작되어 3~4세에 가장 많이 나타납니다. 화가 나는 자신의 감정을 어떻게 주체할지 몰라 자신도 모르게 자기 몸을 때리고 벽이나 바닥에 머리를 부딪히는 것이므로 엄마가 아이의 기분만 잘 맞춰주면 점차 없어지게 됩니다. 우리 ~가 많이 속상하구나. 하지만 이건 위험해서 안돼. 다른 걸 가져다줄게. 라며 아이의 심정을 공감해 주는 동시에 엄마의 입장이 아닌 아이를 위해 자해 행동을 저지한다는 것을 명확하게 알려주세요. 그러나 자해 행동을 하며 아기가 하는 요구는 단호하게 거절하는 것이 좋습니다. 엄마가 아이의 떼쓰기와 자해 행동을 못 이겨 일관성 없이 아이의 요구를 들어주면 아이는 자해행동을 자신의 뜻을 이루는 무기로 이용하기 쉬워지기 때문입니다. 아이의 요구를 수용할 수 있는 부분은 최대한 양보해서 들어주면 아이는 자신의 요구를 충족하기 위해 자해할 필요가 없어지므로 점차 행동의 변화가 나타나게 됩니다."
"Q. 둘째가 태어난 이후 첫째아이가 엄마를 거부합니다","Q. 곧 20개월이 되는 딸과 이제 태어난지 47일된 아들을 둔 엄마입니다. 둘째가 태어난 이후 첫째 딸이 엄마와 함께 있는걸 즐거워 하지 않아요 함께 놀때도 아빠나 다른 사람들과는 눈맞추고 웃으면서 노는데 저랑은 눈맞춤도 없이 놀이에만 집중하고, 안아주려고 해도 벗어나려 발버둥치고 ..다른사람이 있으면 저에게 오지도 않아요 그나마 밤에 잘때 저만 찾았었는데 이제는 절 찾지도 않네요 같이 놀고 있어도 무반응하는 딸아이의 모습에 의미없는 놀이로 변질되어 가고 전혀 즐겁지 않고 둘째 젖먹이면서도 눈은 계속 첫째를 향하고 계속 말걸고 웃어주는데도 점점 더 냉랭해져만 가는 한 딸아이의 반응에 제가 상처받고 우울해집니다. 그저 시간이 약일까요? 아니면 문제가 있는걸까요? 도와주세요...

A. 혹자는 동생을 본 큰 아이의 심정은 첩을 본 조강지처의 마음이라고 말합니다. 큰 아이에게는 동생을 양육하는 엄마의 모습, 달라진 엄마의 얼굴, 달라진 집의 환경, 동생에게 반응하는 아빠의 모습 등등 모든 것이 낮설게 느껴지는 상황입니다. 특히 엄마가 예전과 달라졌다는 점을 민감하게 느낍니다. 그러한 이유로 아이가 현재 엄마 옆에 오는 것을 거부할 수 있습니다. 하지만, 아이의 행동이 표면적으로는 이러한 태도를 취하지만, 내면에서는 예전처럼 자신과 엄마의 관계를 회복하고 싶은 마음이 클 것 입니다. 아이는 엄마를 거부하는 것이 아니라 더 강하게 끌어당기고 싶은 마음이니 너무 상심하지 마시기 바랍니다. 우선 시간이 필요합니다. 그리고 시간을 채워줄 긍정적인 경험이 필요합니다. 아이가 잠을 잘 때는 큰 아이와 함께 있고 관심을 가져주고 일주일에 한두번 정도는 큰아이와 외출을 하여 엄마와 함께 있는 시간을 가져보시기 바랍니다. 아이가 싫다는 표현에 너무 상심하지 마시고 애교있고 정감있는 구애작전이 필요합니다."
"Q. 직장맘, 아이와의 애착관계가 흐트러지지 않기위해 어떤 노력이 필요하나요?","Q. 제 딸은 이른둥이로 교정7개월 4일이 지났어요 사정이 생겨 이번달부터 직장에 나가야하는데 7~8개월은 아이와 엄마가 애착관계가 형성되는 시기로 보육자가 바뀌면 안된다고 하더라구요 저같이 사정상 맞벌이 부부들은 1, 아이와의 애착관계가 흐트러지지 않기 위해서 어떤 노력이 필요하나요? 그리고 직장을 나가기전 갑작스럽게 보육자가 바뀌는것보다 2, 잠깐이라도 예행연습을 하는것이 나은지요? 3, 예행연습을 한다면 어떻게 하는것이 좋을까요? 정말 아이때문에 걱정되서 잠도 오지 않아요 ㅠㅠ 상세한 답변 부탁드립니다 A. 부모와 자녀의 관계는 정서적 특성이 강하므로 맞벌이로 인해 아기를 전담해서 양육하지 못하는 현재 상황에 대해 엄마가 걱정하고 불안해하면 이와같은 부정적인 정서가 아기에게 그대로 전달될 수 있습니다. 실제로 이 시기 아기들에게는 ‘누가 자신을 돌보아주느냐’보다 ‘어떻게 보살펴주느냐’의 문제가 더 중요한 의미를 가지므로 대리양육자가 민감한 양육을 제공할 수 있다면 크게 걱정하지 않아도 됩니다. 전반적으로 엄마의 상황 변화로 인해 아기가 경험할 수 있는 환경의 변화를 최소화시키기 위한 노력이 필요합니다. 가급적이면 엄마가 아기를 돌보는 방식, 일상적인 리듬을 그대로 유지시키고, 아기의 집으로 대리양육자가 와서 돌보아주는 것이 좋습니다. 그리고 대리양육자가 아기에게는 ‘낯선 사람’이 되고, 이 낯선 사람에 대한 반응을 어떻게 할 것인가는 그 낯선 사람에 대한 엄마의 반응을 관찰하면서 영향을 받는다는 점을 인식하고 이를 활용해보기 바랍니다. 즉, 엄마가 아기가 보는 앞에서 낯선 대리 양육자와 가까운 거리에서 반갑게 인사하고 상호작용하는 모습을 보여주세요. 처음에는 엄마와 아기가 같이 있는 상황에서 대리 양육자가 잠깐 와서 인사를 나누고 헤어졌다가 점점 함께 있는 시간을 늘려가고, 일방적으로 대리양육자가 아기 돌보기를 전담하기 보다는 엄마의 상대로 있다가 엄마를 도와주는 방식으로 아기 돌보기에 점진적으로 참여하는 것이 좋습니다. 안정 애착을 형성하기 위해 가장 중요한 것은 ‘민감한 양육’을 제공하는 것입니다. 아기의 울음, 몸짓, 표정과 같은 신호를 무시하지 않고 수용하기, 그 신호를 통해 아기의 욕구를 정확하게 파악하기, 파악한 욕구를 아기에게 적절한 방식으로 일관성있게 제공하는 것이 민감한 양육의 구체적인 방법입니다."
"Q. 성교육을 어떻게해야할지 궁금합니다.","안녕하세요. 17개월.. 곧 18개월 접어드는 여자아기를 둔 엄마입니다. 신생아 때부터 지금껏 아기 목욕만큼은 저 아니면 안된다는 생각에 남편의 참여가 거의 없었는데요.. 이제 점점 성교육에 대한 걱정도 생기고 해서.. 아빠가 딸 목욕을 시키는거랑, 함께 목욕하는 거 중 어떤게 나은가요?? 사실.. 그부분에 제가 괜히 민감해서 그동안 아빠가 샤워를 하고 나올때나 팬티를 갈아 입을때 아이 안 보이는데서 입으라고 강요해 왔거든요. 심지어는 다른 남자아기 기저귀 갈때조차도 옆에 가지 못하도록 했는데.. 잘못된 방식이겠죠? 집에서 목욕이나 샤워시 자연스레 아빠의 성기를 보여주는게 맞는건지.. 지금껏 안그러다가 갑자기 보게되면 아기에게 오히려 좋지 않은 영향을 주는건 아닌지.. 정말 궁금합니다. 또 아빠와 함께 목욕하는게 좋다면 언제까지가 좋은지도 알려주세요.

어려서부터 성교육은 중요합니다. 특히 우리나라에서 남자들은 성에 대해 좀 더 관대하기 때문에 가정에서 이러한 부분이 간혹 갈등을 겪습니다. 성교육은 부모와 아이간에 성에 대한 주제나 대화가 자연스럽게 이루어져야 하고 서로의 가치나 개인적인 측면이 존중을 받는 부분에서 시작합니다. 의식적으로 가리고 안보여주는 것은 너무 금지가 많은 자연스럽지 못한 성교육이 됩니다. 아빠가 아이의 기저귀를 갈아주는 것은 자연스럽고 목욕을 시키는 것도 자연스러운 현상입니다. 다만, 엄마가 이부분에 대한 불편감이 왜 생기는지, 성에 대한 불편한 감정에 대해서는 생각해 볼 여지가 있습니다. 왜냐하면 부모의 성에 대한 인식에 따라 자녀의 성교육의 방향이 변화되기 때문입니다. 먼저 육아서 중에서 성교육에 대한 책을 참고하시면 현재 나타나는 갈등을 자연스럽게 해결할 수 있겠습니다. 그리고 가족이 함께 목욕하는 부분은 36개월 이전까지는 무난하지만, 36개월이 지나면 분리되는 것이 좋습니다."
